Peptide Sequence	Modified Sequence	Prev AA	Next AA	Start	End	Start	End	Peptide Length	Charges	Assigned Modifications	Protein	Protein ID	Entry Name	Gene	Protein Description	Mapped Genes	Mapped Proteins	EV002849_EP_a_GAA_TD_K2_glyco Spectral Count	EV002850_EP_a_GAA_TD_MLM_glyco Spectral Count	 EV002849_EP_a_GAA_TD_K2_glyco Intensity 	 EV002850_EP_a_GAA_TD_MLM_glyco Intensity 	EV002849_EP_a_GAA_TD_K2_glyco Match Type	EV002850_EP_a_GAA_TD_MLM_glyco Match Type	MLM/K2
AEVTGYFPLGTWYDLQTVPIEALGSLPPPPAAPR	AEVTGYFPLGTWYDLQTVPIEALGSLPPPPAAPR	K	E	705	738	761	794	34	"3,4,5"		GAA_57-952_Sanofi	GAA_57-952_Sanofi	GAA_57-952_Sanofi		GAA_57-952_Sanofi			3	3	" 198,099,800 "	" 142,728,910 "	MS/MS	MS/MS	0.72
AGYIIPLQGPGLTTTESR	AGYIIPLQGPGLTTTESR	R	Q	764	781	820	837	18	"2,3"		GAA_57-952_Sanofi	GAA_57-952_Sanofi	GAA_57-952_Sanofi		GAA_57-952_Sanofi			1	2	" 64,911,390 "	" 39,970,950 "	MS/MS	MS/MS	0.62
AHFPLDVQWNDLDYMDSR	AHFPLDVQWNDLDYMDSR	R	R	338	355	394	411	18	"2,3"		GAA_57-952_Sanofi	GAA_57-952_Sanofi	GAA_57-952_Sanofi		GAA_57-952_Sanofi			6	3	" 448,236,540 "	" 128,111,850 "	MS/MS	MS/MS	0.29
AHFPLDVQWNDLDYMDSR	AHFPLDVQWNDLDYM[15.9949]DSR	R	R	338	355	394	411	18	3	15M(15.9949)	GAA_57-952_Sanofi	GAA_57-952_Sanofi	GAA_57-952_Sanofi		GAA_57-952_Sanofi			4	1	" 84,995,230 "	" 23,909,278 "	MS/MS	MS/MS	0.28
AHFPLDVQWNDLDYMDSRR	AHFPLDVQWNDLDYMDSRR	R	D	338	356	394	412	19	"3,4"		GAA_57-952_Sanofi	GAA_57-952_Sanofi	GAA_57-952_Sanofi		GAA_57-952_Sanofi			2	2	" 11,822,313 "	" 38,872,240 "	MS/MS	MS/MS	3.29
AHFPLDVQWNDLDYMDSRR	AHFPLDVQWNDLDYM[15.9949]DSRR	R	D	338	356	394	412	19	4	15M(15.9949)	GAA_57-952_Sanofi	GAA_57-952_Sanofi	GAA_57-952_Sanofi		GAA_57-952_Sanofi			1	1	" 3,595,068 "	" 3,749,117 "	MS/MS	MS/MS	1.04
AHFPLDVQWNDLDYMDSRRDFTFNK	AHFPLDVQWNDLDYMDSRRDFTFNK	R	D	338	362	394	418	25	"3,4,5"		GAA_57-952_Sanofi	GAA_57-952_Sanofi	GAA_57-952_Sanofi		GAA_57-952_Sanofi			2	3	" 99,168,450 "	" 835,809,540 "	MS/MS	MS/MS	8.43
AHFPLDVQWNDLDYMDSRRDFTFNK	AHFPLDVQWNDLDYM[15.9949]DSRRDFTFNK	R	D	338	362	394	418	25	4	15M(15.9949)	GAA_57-952_Sanofi	GAA_57-952_Sanofi	GAA_57-952_Sanofi		GAA_57-952_Sanofi			1	1	" 2,427,774 "	" 21,049,930 "	MS/MS	MS/MS	8.67
ALTLRYALLPHLYTLFHQAHVAGETVAR	ALTLRYALLPHLYTLFHQAHVAGETVAR	K	P	642	669	698	725	28	"3,4,5,6"		GAA_57-952_Sanofi	GAA_57-952_Sanofi	GAA_57-952_Sanofi		GAA_57-952_Sanofi			4	4	" 59,726,150 "	" 309,033,500 "	MS/MS	MS/MS	5.17
ALTLRYALLPHLYTLFHQAHVAGETVARPLFLEFPK	ALTLRYALLPHLYTLFHQAHVAGETVARPLFLEFPK	K	D	642	677	698	733	36	"4,5,6,7"		GAA_57-952_Sanofi	GAA_57-952_Sanofi	GAA_57-952_Sanofi		GAA_57-952_Sanofi			2	4	" 111,991,340 "	" 274,041,500 "	MS/MS	MS/MS	2.45
APSPLYSVEFSEEPFGVIVHR	APSPLYSVEFSEEPFGVIVHR	R	Q	148	168	204	224	21	"2,3,4"		GAA_57-952_Sanofi	GAA_57-952_Sanofi	GAA_57-952_Sanofi		GAA_57-952_Sanofi			6	3	" 717,010,050 "	" 375,313,820 "	MS/MS	MS/MS	0.52
APSPLYSVEFSEEPFGVIVHRQLDGR	APSPLYSVEFSEEPFGVIVHRQLDGR	R	V	148	173	204	229	26	"3,4"		GAA_57-952_Sanofi	GAA_57-952_Sanofi	GAA_57-952_Sanofi		GAA_57-952_Sanofi			2	3	" 19,001,784 "	" 117,058,340 "	MS/MS	MS/MS	6.16
ARGTRPFVISR	ARGTRPFVISR	K	S	534	544	590	600	11	3		GAA_57-952_Sanofi	GAA_57-952_Sanofi	GAA_57-952_Sanofi		GAA_57-952_Sanofi			1	4	 -   	" 16,126,386 "	MS/MS	MS/MS	#DIV/0!
DFPAMVQELHQGGR	DFPAMVQELHQGGR	R	R	367	380	423	436	14	"2,3"		GAA_57-952_Sanofi	GAA_57-952_Sanofi	GAA_57-952_Sanofi		GAA_57-952_Sanofi			11	4	" 481,893,000 "	" 113,518,840 "	MS/MS	MS/MS	0.24
DFPAMVQELHQGGRRYMMIVDPAISSSGPAGSYR	DFPAMVQELHQGGRRYMMIVDPAISSSGPAGSYR	R	P	367	400	423	456	34	"3,4,5,6"		GAA_57-952_Sanofi	GAA_57-952_Sanofi	GAA_57-952_Sanofi		GAA_57-952_Sanofi			3	7	" 150,894,720 "	" 1,221,052,900 "	MS/MS	MS/MS	8.09
DFPAMVQELHQGGRRYMMIVDPAISSSGPAGSYR	DFPAMVQELHQGGRRYM[15.9949]MIVDPAISSSGPAGSYR	R	P	367	400	423	456	34	5	17M(15.9949)	GAA_57-952_Sanofi	GAA_57-952_Sanofi	GAA_57-952_Sanofi		GAA_57-952_Sanofi			0	2	 -   	" 24,933,760 "	unmatched	MS/MS	#DIV/0!
DFPAMVQELHQGGRRYMMIVDPAISSSGPAGSYR	DFPAM[15.9949]VQELHQGGRRYMMIVDPAISSSGPAGSYR	R	P	367	400	423	456	34	"4,5"	5M(15.9949)	GAA_57-952_Sanofi	GAA_57-952_Sanofi	GAA_57-952_Sanofi		GAA_57-952_Sanofi			5	3	" 4,220,538 "	" 53,576,908 "	MS/MS	MS/MS	12.69
DFPAMVQELHQGGRRYMMIVDPAISSSGPAGSYR	DFPAM[15.9949]VQELHQGGRRYM[15.9949]MIVDPAISSSGPAGSYR	R	P	367	400	423	456	34	5	"17M(15.9949),5M(15.9949)"	GAA_57-952_Sanofi	GAA_57-952_Sanofi	GAA_57-952_Sanofi		GAA_57-952_Sanofi			0	1	 -   	" 553,591 "	unmatched	MS/MS	#DIV/0!
DFTFNKDGFR	DFTFNKDGFR	R	D	357	366	413	422	10	"2,3"		GAA_57-952_Sanofi	GAA_57-952_Sanofi	GAA_57-952_Sanofi		GAA_57-952_Sanofi			4	4	" 33,749,896 "	" 19,604,264 "	MS/MS	MS/MS	0.58
DFTFNKDGFRDFPAMVQELHQGGR	DFTFNKDGFRDFPAMVQELHQGGR	R	R	357	380	413	436	24	"4,5"		GAA_57-952_Sanofi	GAA_57-952_Sanofi	GAA_57-952_Sanofi		GAA_57-952_Sanofi			2	2	" 10,956,727 "	" 14,776,606 "	MS/MS	MS/MS	1.35
DFTFNKDGFRDFPAMVQELHQGGR	DFTFNKDGFRDFPAM[15.9949]VQELHQGGR	R	R	357	380	413	436	24	"4,5"	15M(15.9949)	GAA_57-952_Sanofi	GAA_57-952_Sanofi	GAA_57-952_Sanofi		GAA_57-952_Sanofi			1	2	" 4,113,346 "	" 3,425,951 "	MS/MS	MS/MS	0.83
DGFRDFPAMVQELHQGGRR	DGFRDFPAMVQELHQGGRR	K	Y	363	381	419	437	19	4		GAA_57-952_Sanofi	GAA_57-952_Sanofi	GAA_57-952_Sanofi		GAA_57-952_Sanofi			1	1	" 9,777,868 "	" 4,406,094 "	MS/MS	MS/MS	0.45
DILTLRLDVMMETENRLHFTIK	DILTLRLDVMMETENRLHFTIK	K	D	107	128	163	184	22	"4,5"		GAA_57-952_Sanofi	GAA_57-952_Sanofi	GAA_57-952_Sanofi		GAA_57-952_Sanofi			0	2	 -   	" 5,409,255 "	unmatched	MS/MS	#DIV/0!
DSSTWTVDHQLLWGEALLITPVLQAGK	DSSTWTVDHQLLWGEALLITPVLQAGK	K	A	678	704	734	760	27	"2,3,4,5"		GAA_57-952_Sanofi	GAA_57-952_Sanofi	GAA_57-952_Sanofi		GAA_57-952_Sanofi			2	4	" 707,007,300 "	" 842,547,840 "	MS/MS	MS/MS	1.19
EPAIHSEGQWVTLPAPLDTINVHLR	EPAIHSEGQWVTLPAPLDTINVHLR	R	A	739	763	795	819	25	"3,4,5"		GAA_57-952_Sanofi	GAA_57-952_Sanofi	GAA_57-952_Sanofi		GAA_57-952_Sanofi			8	4	" 921,601,600 "	" 673,567,040 "	MS/MS	MS/MS	0.73
EPAIHSEGQWVTLPAPLDTINVHLRAGYIIPLQGPGLTTTESR	EPAIHSEGQWVTLPAPLDTINVHLRAGYIIPLQGPGLTTTESR	R	Q	739	781	795	837	43	"4,5,6"		GAA_57-952_Sanofi	GAA_57-952_Sanofi	GAA_57-952_Sanofi		GAA_57-952_Sanofi			3	3	" 95,114,850 "	" 446,211,940 "	MS/MS	MS/MS	4.69
GAYTQVIFLAR	GAYTQVIFLAR	R	N	815	825	871	881	11	"2,3"		GAA_57-952_Sanofi	GAA_57-952_Sanofi	GAA_57-952_Sanofi		GAA_57-952_Sanofi			16	23	" 4,108,591,900 "	" 15,849,158,000 "	MS/MS	MS/MS	3.86
GELFWDDGESLEVLER	GELFWDDGESLEVLER	R	G	799	814	855	870	16	"2,3"		GAA_57-952_Sanofi	GAA_57-952_Sanofi	GAA_57-952_Sanofi		GAA_57-952_Sanofi			8	3	" 831,352,300 "	" 46,381,400 "	MS/MS	MS/MS	0.06
GELFWDDGESLEVLERGAYTQVIFLAR	GELFWDDGESLEVLERGAYTQVIFLAR	R	N	799	825	855	881	27	3		GAA_57-952_Sanofi	GAA_57-952_Sanofi	GAA_57-952_Sanofi		GAA_57-952_Sanofi			0	1	 -   	 -   	unmatched	MS/MS	#DIV/0!
GELFWDDGESLEVLERGAYTQVIFLARNNTIVNELVR	GELFWDDGESLEVLERGAYTQVIFLARNNTIVNELVR	R	V	799	835	855	891	37	5		GAA_57-952_Sanofi	GAA_57-952_Sanofi	GAA_57-952_Sanofi		GAA_57-952_Sanofi			0	1	 -   	 -   	unmatched	MS/MS	#DIV/0!
GVFITNETGQPLIGK	GVFITNETGQPLIGK	R	V	409	423	465	479	15	3		GAA_57-952_Sanofi	GAA_57-952_Sanofi	GAA_57-952_Sanofi		GAA_57-952_Sanofi			4	1	 -   	 -   	MS/MS	MS/MS	#DIV/0!
KALTLRYALLPHLYTLFHQAHVAGETVAR	KALTLRYALLPHLYTLFHQAHVAGETVAR	R	P	641	669	697	725	29	"4,5,6,7"		GAA_57-952_Sanofi	GAA_57-952_Sanofi	GAA_57-952_Sanofi		GAA_57-952_Sanofi			3	4	" 59,055,264 "	" 233,138,720 "	MS/MS	MS/MS	3.95
LDVMMETENR	LDVMMETENR	R	L	113	122	169	178	10	2		GAA_57-952_Sanofi	GAA_57-952_Sanofi	GAA_57-952_Sanofi		GAA_57-952_Sanofi			10	4	" 164,090,770 "	" 44,246,416 "	MS/MS	MS/MS	0.27
LDVMMETENRLHFTIKDPANR	LDVMMETENRLHFTIKDPANR	R	R	113	133	169	189	21	"3,4,5"		GAA_57-952_Sanofi	GAA_57-952_Sanofi	GAA_57-952_Sanofi		GAA_57-952_Sanofi			1	3	" 9,621,114 "	" 57,193,764 "	MS/MS	MS/MS	5.94
LENLSSSEMGYTATLTR	LENLSSSEMGYTATLTR	K	T	82	98	138	154	17	4		GAA_57-952_Sanofi	GAA_57-952_Sanofi	GAA_57-952_Sanofi		GAA_57-952_Sanofi			0	1	 -   	 -   	unmatched	MS/MS	#DIV/0!
LHFTIKDPANR	LHFTIKDPANR	R	R	123	133	179	189	11	3		GAA_57-952_Sanofi	GAA_57-952_Sanofi	GAA_57-952_Sanofi		GAA_57-952_Sanofi			5	7	" 69,931,760 "	" 56,365,572 "	MS/MS	MS/MS	0.81
LHFTIKDPANRR	LHFTIKDPANRR	R	Y	123	134	179	190	12	4		GAA_57-952_Sanofi	GAA_57-952_Sanofi	GAA_57-952_Sanofi		GAA_57-952_Sanofi			2	2	" 12,875,454 "	" 9,474,128 "	MS/MS	MS/MS	0.74
NHNSLLSLPQEPYSFSEPAQQAMR	NHNSLLSLPQEPYSFSEPAQQAMR	R	K	617	640	673	696	24	3		GAA_57-952_Sanofi	GAA_57-952_Sanofi	GAA_57-952_Sanofi		GAA_57-952_Sanofi			1	1	" 39,189,364 "	" 12,630,599 "	MS/MS	MS/MS	0.32
NHNSLLSLPQEPYSFSEPAQQAMR	NHNSLLSLPQEPYSFSEPAQQAM[15.9949]R	R	K	617	640	673	696	24	3	23M(15.9949)	GAA_57-952_Sanofi	GAA_57-952_Sanofi	GAA_57-952_Sanofi		GAA_57-952_Sanofi			1	0	" 8,676,743 "	 -   	MS/MS	unmatched	0.00
PLFLEFPK	PLFLEFPK	R	D	670	677	726	733	8	2		GAA_57-952_Sanofi	GAA_57-952_Sanofi	GAA_57-952_Sanofi		GAA_57-952_Sanofi			9	5	" 1,195,775,000 "	" 870,007,940 "	MS/MS	MS/MS	0.73
PLFLEFPKDSSTWTVDHQLLWGEALLITPVLQAGK	PLFLEFPKDSSTWTVDHQLLWGEALLITPVLQAGK	R	A	670	704	726	760	35	"3,4,5"		GAA_57-952_Sanofi	GAA_57-952_Sanofi	GAA_57-952_Sanofi		GAA_57-952_Sanofi			2	3	" 151,467,170 "	" 923,268,350 "	MS/MS	MS/MS	6.10
QGLQGAQMGQPWCFFPPSYPSYK	QGLQGAQMGQPWCFFPPSYPSYK	K	L	59	81	115	137	23	3		GAA_57-952_Sanofi	GAA_57-952_Sanofi	GAA_57-952_Sanofi		GAA_57-952_Sanofi			1	0	" 6,205,886 "	 -   	MS/MS	unmatched	0.00
QQPMALAVALTK	QQPMALAVALTK	R	G	782	793	838	849	12	"2,3"		GAA_57-952_Sanofi	GAA_57-952_Sanofi	GAA_57-952_Sanofi		GAA_57-952_Sanofi			4	3	" 311,898,780 "	" 172,608,270 "	MS/MS	MS/MS	0.55
QQPMALAVALTK	QQPM[15.9949]ALAVALTK	R	G	782	793	838	849	12	2	4M(15.9949)	GAA_57-952_Sanofi	GAA_57-952_Sanofi	GAA_57-952_Sanofi		GAA_57-952_Sanofi			3	1	" 22,660,300 "	" 4,108,177 "	MS/MS	MS/MS	0.18
QQPMALAVALTKGGEAR	QQPMALAVALTKGGEAR	R	G	782	798	838	854	17	3		GAA_57-952_Sanofi	GAA_57-952_Sanofi	GAA_57-952_Sanofi		GAA_57-952_Sanofi			1	2	" 11,503,808 "	" 56,120,430 "	MS/MS	MS/MS	4.88
RYEVPLETPR	RYEVPLETPR	R	V	134	143	190	199	10	3		GAA_57-952_Sanofi	GAA_57-952_Sanofi	GAA_57-952_Sanofi		GAA_57-952_Sanofi			1	2	" 9,455,637 "	" 5,981,978 "	MS/MS	MS/MS	0.63
RYMMIVDPAISSSGPAGSYR	RYMMIVDPAISSSGPAGSYR	R	P	381	400	437	456	20	3		GAA_57-952_Sanofi	GAA_57-952_Sanofi	GAA_57-952_Sanofi		GAA_57-952_Sanofi			0	1	 -   	" 3,421,091 "	unmatched	MS/MS	#DIV/0!
RYMMIVDPAISSSGPAGSYRPYDEGLR	RYMMIVDPAISSSGPAGSYRPYDEGLR	R	R	381	407	437	463	27	4		GAA_57-952_Sanofi	GAA_57-952_Sanofi	GAA_57-952_Sanofi		GAA_57-952_Sanofi			0	1	 -   	" 51,785,080 "	unmatched	MS/MS	#DIV/0!
RYMMIVDPAISSSGPAGSYRPYDEGLR	RYM[15.9949]MIVDPAISSSGPAGSYRPYDEGLR	R	R	381	407	437	463	27	4	3M(15.9949)	GAA_57-952_Sanofi	GAA_57-952_Sanofi	GAA_57-952_Sanofi		GAA_57-952_Sanofi			0	1	 -   	" 14,332,699 "	unmatched	MS/MS	#DIV/0!
STGGILDVYIFLGPEPK	STGGILDVYIFLGPEPK	R	S	276	292	332	348	17	"2,3"		GAA_57-952_Sanofi	GAA_57-952_Sanofi	GAA_57-952_Sanofi		GAA_57-952_Sanofi			3	4	" 688,002,700 "	" 1,256,618,400 "	MS/MS	MS/MS	1.83
SVVQQYLDVVGYPFMPPYWGLGFHLCR	SVVQQYLDVVGYPFMPPYWGLGFHLCR	K	W	293	319	349	375	27	"3,4"		GAA_57-952_Sanofi	GAA_57-952_Sanofi	GAA_57-952_Sanofi		GAA_57-952_Sanofi			2	2	" 21,668,432 "	" 82,888,330 "	MS/MS	MS/MS	3.83
SVVQQYLDVVGYPFMPPYWGLGFHLCRWGYSSTAITR	SVVQQYLDVVGYPFMPPYWGLGFHLCRWGYSSTAITR	K	Q	293	329	349	385	37	"4,5"		GAA_57-952_Sanofi	GAA_57-952_Sanofi	GAA_57-952_Sanofi		GAA_57-952_Sanofi			0	2	 -   	 -   	unmatched	MS/MS	#DIV/0!
TTPTFFPK	TTPTFFPK	R	D	99	106	155	162	8	2		GAA_57-952_Sanofi	GAA_57-952_Sanofi	GAA_57-952_Sanofi		GAA_57-952_Sanofi			14	15	" 491,549,570 "	" 617,201,400 "	MS/MS	MS/MS	1.26
TTPTFFPKDILTLR	TTPTFFPKDILTLR	R	L	99	112	155	168	14	"2,3"		GAA_57-952_Sanofi	GAA_57-952_Sanofi	GAA_57-952_Sanofi		GAA_57-952_Sanofi			2	2	" 17,942,364 "	" 17,544,724 "	MS/MS	MS/MS	0.98
TTPTFFPKDILTLRLDVMMETENR	TTPTFFPKDILTLRLDVMMETENR	R	L	99	122	155	178	24	"3,4"		GAA_57-952_Sanofi	GAA_57-952_Sanofi	GAA_57-952_Sanofi		GAA_57-952_Sanofi			1	2	" 15,640,398 "	" 52,660,944 "	MS/MS	MS/MS	3.37
VHSRAPSPLYSVEFSEEPFGVIVHR	VHSRAPSPLYSVEFSEEPFGVIVHR	R	Q	144	168	200	224	25	"4,5"		GAA_57-952_Sanofi	GAA_57-952_Sanofi	GAA_57-952_Sanofi		GAA_57-952_Sanofi			1	2	" 4,325,205 "	" 10,980,231 "	MS/MS	MS/MS	2.54
VHSRAPSPLYSVEFSEEPFGVIVHRQLDGR	VHSRAPSPLYSVEFSEEPFGVIVHRQLDGR	R	V	144	173	200	229	30	"4,5,6"		GAA_57-952_Sanofi	GAA_57-952_Sanofi	GAA_57-952_Sanofi		GAA_57-952_Sanofi			1	3	" 3,071,801 "	" 19,164,648 "	MS/MS	MS/MS	6.24
VTSEGAGLQLQK	VTSEGAGLQLQK	R	V	836	847	892	903	12	2		GAA_57-952_Sanofi	GAA_57-952_Sanofi	GAA_57-952_Sanofi		GAA_57-952_Sanofi			12	3	" 67,187,060 "	" 26,137,538 "	MS/MS	MS/MS	0.39
VTVLGVATAPQQVLSNGVPVSNFTYSPDTK	VTVLGVATAPQQVLSNGVPVSNFTYSPDTK	K	V	848	877	904	933	30	"3,4"		GAA_57-952_Sanofi	GAA_57-952_Sanofi	GAA_57-952_Sanofi		GAA_57-952_Sanofi			5	2	" 160,012,340 "	" 68,304,850 "	MS/MS	MS/MS	0.43
WGYSSTAITR	WGYSSTAITR	R	Q	320	329	376	385	10	2		GAA_57-952_Sanofi	GAA_57-952_Sanofi	GAA_57-952_Sanofi		GAA_57-952_Sanofi			4	12	" 147,798,460 "	" 302,804,260 "	MS/MS	MS/MS	2.05
WGYSSTAITRQVVENMTRAHFPLDVQWNDLDYMDSR	WGYSSTAITRQVVENM[15.9949]TRAHFPLDVQWNDLDYMDSR	R	R	320	355	376	411	36	5	16M(15.9949)	GAA_57-952_Sanofi	GAA_57-952_Sanofi	GAA_57-952_Sanofi		GAA_57-952_Sanofi			1	1	 -   	 -   	MS/MS	MS/MS	#DIV/0!
WTQLGAFYPFMR	WTQLGAFYPFMR	R	N	605	616	661	672	12	"2,3"		GAA_57-952_Sanofi	GAA_57-952_Sanofi	GAA_57-952_Sanofi		GAA_57-952_Sanofi			2	2	" 14,990,018 "	" 55,244,840 "	MS/MS	MS/MS	3.69
WTQLGAFYPFMR	WTQLGAFYPFM[15.9949]R	R	N	605	616	661	672	12	2	11M(15.9949)	GAA_57-952_Sanofi	GAA_57-952_Sanofi	GAA_57-952_Sanofi		GAA_57-952_Sanofi			1	1	" 3,582,208 "	" 7,306,388 "	MS/MS	MS/MS	2.04
YALLPHLYTLFHQAHVAGETVAR	YALLPHLYTLFHQAHVAGETVAR	R	P	647	669	703	725	23	"2,3,4,5,6"		GAA_57-952_Sanofi	GAA_57-952_Sanofi	GAA_57-952_Sanofi		GAA_57-952_Sanofi			7	15	" 1,106,935,400 "	" 5,243,999,700 "	MS/MS	MS/MS	4.74
YALLPHLYTLFHQAHVAGETVARPLFLEFPK	YALLPHLYTLFHQAHVAGETVARPLFLEFPK	R	D	647	677	703	733	31	"3,4,5,6"		GAA_57-952_Sanofi	GAA_57-952_Sanofi	GAA_57-952_Sanofi		GAA_57-952_Sanofi			4	4	" 518,448,100 "	" 872,042,750 "	MS/MS	MS/MS	1.68
YEVPLETPR	YEVPLETPR	R	V	135	143	191	199	9	2		GAA_57-952_Sanofi	GAA_57-952_Sanofi	GAA_57-952_Sanofi		GAA_57-952_Sanofi			8	5	" 172,749,380 "	" 43,072,956 "	MS/MS	MS/MS	0.25
YMMIVDPAISSSGPAGSYR	YMMIVDPAISSSGPAGSYR	R	P	382	400	438	456	19	"2,3"		GAA_57-952_Sanofi	GAA_57-952_Sanofi	GAA_57-952_Sanofi		GAA_57-952_Sanofi			2	2	" 116,045,416 "	" 62,276,090 "	MS/MS	MS/MS	0.54
YMMIVDPAISSSGPAGSYR	YMM[15.9949]IVDPAISSSGPAGSYR	R	P	382	400	438	456	19	3	3M(15.9949)	GAA_57-952_Sanofi	GAA_57-952_Sanofi	GAA_57-952_Sanofi		GAA_57-952_Sanofi			1	1	 -   	 -   	MS/MS	MS/MS	#DIV/0!
YMMIVDPAISSSGPAGSYR	YM[15.9949]MIVDPAISSSGPAGSYR	R	P	382	400	438	456	19	"2,3"	2M(15.9949)	GAA_57-952_Sanofi	GAA_57-952_Sanofi	GAA_57-952_Sanofi		GAA_57-952_Sanofi			2	2	" 17,384,894 "	" 8,647,192 "	MS/MS	MS/MS	0.50
YMMIVDPAISSSGPAGSYRPYDEGLR	YMMIVDPAISSSGPAGSYRPYDEGLR	R	R	382	407	438	463	26	"3,4"		GAA_57-952_Sanofi	GAA_57-952_Sanofi	GAA_57-952_Sanofi		GAA_57-952_Sanofi			5	2	" 442,675,000 "	" 170,911,730 "	MS/MS	MS/MS	0.39
YMMIVDPAISSSGPAGSYRPYDEGLR	YMM[15.9949]IVDPAISSSGPAGSYRPYDEGLR	R	R	382	407	438	463	26	3	3M(15.9949)	GAA_57-952_Sanofi	GAA_57-952_Sanofi	GAA_57-952_Sanofi		GAA_57-952_Sanofi			0	1	 -   	" 31,682,620 "	unmatched	MS/MS	#DIV/0!
YMMIVDPAISSSGPAGSYRPYDEGLR	YM[15.9949]MIVDPAISSSGPAGSYRPYDEGLR	R	R	382	407	438	463	26	"3,4"	2M(15.9949)	GAA_57-952_Sanofi	GAA_57-952_Sanofi	GAA_57-952_Sanofi		GAA_57-952_Sanofi			2	1	" 87,985,120 "	" 32,830,480 "	MS/MS	MS/MS	0.37
YMMIVDPAISSSGPAGSYRPYDEGLR	YM[15.9949]M[15.9949]IVDPAISSSGPAGSYRPYDEGLR	R	R	382	407	438	463	26	3	"2M(15.9949),3M(15.9949)"	GAA_57-952_Sanofi	GAA_57-952_Sanofi	GAA_57-952_Sanofi		GAA_57-952_Sanofi			0	1	 -   	" 8,639,780 "	unmatched	MS/MS	#DIV/0!
YMMIVDPAISSSGPAGSYRPYDEGLRR	YMMIVDPAISSSGPAGSYRPYDEGLRR	R	G	382	408	438	464	27	"3,4"		GAA_57-952_Sanofi	GAA_57-952_Sanofi	GAA_57-952_Sanofi		GAA_57-952_Sanofi			1	2	" 5,439,272 "	" 4,790,994 "	MS/MS	MS/MS	0.88
YMMIVDPAISSSGPAGSYRPYDEGLRR	YM[15.9949]MIVDPAISSSGPAGSYRPYDEGLRR	R	G	382	408	438	464	27	3	2M(15.9949)	GAA_57-952_Sanofi	GAA_57-952_Sanofi	GAA_57-952_Sanofi		GAA_57-952_Sanofi			1	0	" 1,810,264 "	 -   	MS/MS	unmatched	0.00
YMMIVDPAISSSGPAGSYRPYDEGLRR	YM[15.9949]M[15.9949]IVDPAISSSGPAGSYRPYDEGLRR	R	G	382	408	438	464	27	4	"2M(15.9949),3M(15.9949)"	GAA_57-952_Sanofi	GAA_57-952_Sanofi	GAA_57-952_Sanofi		GAA_57-952_Sanofi			1	1	" 8,850,958 "	" 2,720,134 "	MS/MS	MS/MS	0.31
